SeriesID,7-Jan,7-Feb,7-Mar,7-Apr,7-May,7-Jun,7-Jul,7-Aug,7-Sep,7-Oct,7-Nov,7-Dec
SMU01000000000000001,1974.9,1987.3,2004.4,2000.9,2009.4,2018.4,1994,2004.4,2013.3,2012.4,2022,2026.7
SMU01000001000000001,12.9,13.0,13.1,12.8,12.9,12.9,12.8,12.9,12.8,12.8,12.7,12.8
SMU01000002000000001,109.4,110.7,113.2,112,112.3,113.1,112,113.2,114.7,114.9,113.6,113.1
SMU01000003000000001,297.8,297.9,297.6,296.1,296.1,297.9,296.2,295.7,295.7,295.3,294.7,294.7
SMU01000004000000001,387.8,387.5,391.8,390.8,394.4,396.2,395.2,394.8,395.1,394.9,402.6,406
SMU01000005000000001,27.9,28.1,28.2,28.2,28.4,28.4,28,27.9,27.7,27.7,27.9,27.9
SMU01000005500000001,99,99.1,99.7,99.2,99.7,100.6,100.3,100.2,100.1,99.8,100,100.2
SMU01000006000000001,215.4,218.1,221.1,219.8,219.9,221.7,218.8,221.8,222.4,222.2,223.7,224.8
SMU01000006500000001,204.8,206.6,207.5,207.8,208.3,207.8,207.3,209.8,210.1,210.5,211.4,212.1
SMU01000007000000001,165.8,169.2,172.9,174.6,176.7,178.9,177.6,178.5,176.1,172.9,172.3,171.9
SMU01000008000000001,79.9,80.5,81.4,81.2,81.4,81.8,81.2,81,80.8,81,81.2,81.4
SMU01000009000000001,374.2,376.6,377.9,378.4,379.3,379.1,364.6,368.6,377.8,380.4,381.9,381.8
SMU02000000000000001,295.3,302,304.9,308.9,321.1,335.6,338.8,339.5,331.2,314.3,307.1,303.7
SMU02000001000000001,12.5,13,13.1,13.3,13.4,13.9,14.2,14.4,14.4,14.3,14.1,14.2
SMU02000002000000001,14.7,15,15.1,16.3,18.2,20.4,20.9,21.3,20.4,19.3,16.8,15.6
SMU02000003000000001,10.8,11.7,11.9,11,10.5,15.7,22.2,20.6,15.7,11.2,9.2,7
SMU02000004000000001,59.9,59.8,60.4,61.8,65.9,68.7,69.3,69.5,67,63,62.1,62.4
SMU02000005000000001,6.9,6.9,6.9,6.8,6.9,7,7,7,7,6.9,6.9,6.9
SMU02000005500000001,12,12.2,12.3,12.3,12.6,13,12.9,13.1,12.7,12.5,12.3,12.3
SMU02000006000000001,24.6,25.1,25.3,25.9,27.3,28.3,28.1,28.2,27.7,26.3,26.1,25.9
SMU02000006500000001,37.1,37.7,37.9,37.9,37.9,37.7,37.3,37.5,37.1,37.3,37.4,37.6
SMU02000007000000001,26.8,27.3,27.9,29.3,33.8,39,39.8,39.6,35.9,29.1,28.3,28.1
SMU02000008000000001,11.1,11.4,11.5,11.2,11.5,11.4,11.4,11.4,11.3,11.2,11.2,11.2
SMU02000009000000001,78.9,81.9,82.6,83.1,83.1,80.5,75.7,76.9,82,83.2,82.7,82.5
SMU04000000000000001,2636.3,2674.2,2692.1,2682.1,2687.1,2655.7,2629.4,2668.1,2688.7,2701.3,2718.4,2719.7
SMU04000001000000001,10.5,10.5,10.7,10.7,10.9,11.2,11.8,12.1,12.1,12.3,12.4,12.5
SMU04000002000000001,226.7,227.6,228.5,226.4,227.6,231.7,228.7,229.1,225.9,221.4,215.7,210
SMU04000003000000001,181.5,183.7,183.4,181.9,181.7,182.2,182.5,182.4,180.7,180.2,179.9,179.6
SMU04000004000000001,522,520.8,523.2,522.7,524,523.8,524.2,525.2,526,528.8,542.4,549.2
SMU04000005000000001,40.7,41.6,41.5,41.8,42.4,42.2,41.9,41.6,41.2,40.9,41.8,41.4
SMU04000005500000001,186.8,188.4,189.1,189.1,188.9,188.6,187.9,185.6,184.5,183.3,183.1,183.8
SMU04000006000000001,395.4,400.2,404.8,402.7,402.9,405.5,402.8,406.4,405.1,408.5,409.8,407.6
SMU04000006500000001,299.7,304.3,306,304.2,305.7,305.2,302.5,308,310.7,315.5,316.4,318.2
SMU04000007000000001,266.8,272.9,278.4,278.1,277.9,273,264,267.7,269.9,273.9,276.2,276.9
SMU04000008000000001,96.4,98.6,99.6,98,99.2,100.7,98,98,99.5,99.7,100.8,101.3
SMU04000009000000001,409.8,425.6,426.9,426.5,425.9,391.6,385.1,412,433.1,436.8,439.9,439.2
SMU05000000000000001,1184.9,1193.3,1207.8,1207.4,1211.2,1209.7,1188.1,1200.1,1213.2,1211.2,1213,1214.2
SMU05000001000000001,8.4,8.7,9,9,9.3,9.6,9.6,9.9,10,9.8,9.8,9.9
SMU05000002000000001,53.9,53.6,56.4,56.7,57.4,58,57.1,57.5,57.2,56.3,56,55.5
SMU05000003000000001,193.9,192.8,192.7,191.8,191.5,190.9,190.4,189.7,189.2,188.5,187.3,188.1
SMU05000004000000001,246.2,245.9,250.3,248.2,250.2,250.8,249.7,250.4,250.4,249.8,253.5,255.2
SMU05000005000000001,18.4,18.4,18.4,18.4,18.4,18.2,18.1,18.1,18,17.8,17.8,17.8
SMU05000005500000001,52.4,52.4,52.6,53.1,53.3,53.7,53.7,53.6,53.4,53.2,53.1,53.3
SMU05000006000000001,114,115.1,116.6,116.5,116.8,117.4,116.2,118.8,119.2,118.5,117.8,117.7
SMU05000006500000001,150.8,153,153.9,154.2,154.4,153.6,152.2,154.3,156,156.3,156.7,157
SMU05000007000000001,94,94.9,97.8,99.7,101.3,102.8,101.8,102.1,100.6,99.9,98.8,98.2
SMU05000008000000001,44.8,44.9,45.5,45.3,45.4,46.1,45.6,45.6,45.3,45.2,45.2,45.4
SMU05000009000000001,208.1,213.6,214.6,214.5,213.2,208.6,193.7,200.1,213.9,215.9,217,216.1
SMU06000000000000001,15214.7,15326.4,15433,15385.4,15477.1,15551.5,15423.5,15433.8,15495.3,15535.5,15604.2,15647.6
SMU06000001000000001,24.6,24.8,24.6,25.3,26.3,27,27.7,28,28,28.2,28,27.5
SMU06000002000000001,874.6,879.9,894,890.6,903.5,917.8,918.7,919.8,905.3,886.9,868.9,850.8
SMU06000003000000001,1458,1464.4,1467.5,1457,1461.2,1474.2,1479.4,1482.2,1478,1462.6,1451.8,1448.6
SMU06000004000000001,2895.8,2871.4,2878.2,2864.2,2881.3,2892,2907.1,2911.1,2912.5,2923.2,2987.1,3031.3
SMU06000005000000001,463.5,471.4,473.7,464.8,470.3,473.8,471.7,476,474.7,464.5,470.7,478.3
SMU06000005500000001,906,912.2,913.9,905.1,904.2,903.6,899.1,895.5,886.2,879.3,875.1,874.3
SMU06000006000000001,2215.9,2243.7,2259.4,2247.1,2254.5,2272.6,2269.9,2280,2279.5,2294.8,2296.3,2300.2
SMU06000006500000001,1905.9,1939.9,1956.5,1951.1,1959.8,1948.7,1934.7,1937.8,1971.9,1997,2010.4,2016.6
SMU06000007000000001,1496.8,1514.2,1534.7,1548.1,1569.4,1590.5,1593.5,1595.5,1580,1567.2,1562.8,1571.7
SMU06000008000000001,498.5,505.7,509.3,507.2,511.2,516.8,514.4,514.8,517.3,517.4,516.4,516.8
SMU06000009000000001,2475.1,2498.8,2521.2,2524.9,2535.4,2534.5,2407.3,2393.1,2461.9,2514.4,2536.7,2531.5
SMU08000000000000001,2262.6,2280.5,2306.4,2313.1,2327.7,2358.3,2342.1,2350.4,2352.3,2350.5,2359.1,2372.9
SMU08000001000000001,23.1,23.6,23.9,24.5,25.2,25.9,25.9,26.2,25.8,25.9,26.2,26.2
SMU08000002000000001,154,154.4,160.5,164.1,169.8,175.7,176.9,176.7,173.1,173.1,170.1,164.7
SMU08000003000000001,144.1,143.8,144.3,143.8,144.7,145.8,145.7,145.6,145.7,146.3,146.3,146.1
SMU08000004000000001,424.2,419.7,422.3,422.7,424.4,428.9,430.5,430.8,429.7,431.6,440.1,445.3
SMU08000005000000001,74.9,75,75,75.8,76.2,77,76.7,76.8,76.3,77.3,77.6,77.9
SMU08000005500000001,159.6,160.1,160.4,159.9,159.2,160.5,160.3,160,158.7,157.8,157.9,159.2
SMU08000006000000001,333.9,335.8,340.7,346,350.7,356.9,356.5,358.3,357.1,355.1,352.7,353.2
SMU08000006500000001,233.7,236.8,238.4,238.8,239.9,240.1,238.7,240.5,241.7,243.8,245.7,247.1
SMU08000007000000001,263.4,264.7,270,266.5,263,278.6,281.9,282.6,271.7,262.5,264.1,275.7
SMU08000008000000001,91.4,91.9,92.9,92.5,92.6,94.3,93.5,93.6,93,93,92.8,93.5
SMU08000009000000001,360.3,374.7,378,378.5,382,374.6,355.5,359.3,379.5,384.1,385.6,384
SMU09000000000000001,1666.6,1668.5,1672,1689.9,1705.7,1720.5,1691.5,1690.6,1704.4,1714.3,1724.3,1731
SMU09000001000000001,0.7,0.6,0.6,0.7,0.7,0.8,0.8,0.8,0.8,0.8,0.8,0.7
SMU09000002000000001,62.6,60.7,62.4,67.1,69.7,71.9,72.7,72.9,71.9,71.7,71,68.8
SMU09000003000000001,191.3,191.2,191.3,190.1,190.1,191.9,190.2,190.3,189.4,188.7,189,189.2
SMU09000004000000001,307.4,301.5,302.8,302.5,307.6,311.1,304.4,302.9,306.6,308.8,316.4,323.1
SMU09000005000000001,37.5,37.9,37.7,38,39,38.6,38.8,38.9,39.2,39,38.1,38.2
SMU09000005500000001,144.9,144.4,144.1,144.1,144.4,146.3,146.2,145.7,144,143.6,143.5,144.1
SMU09000006000000001,201.4,202.4,203.6,208.1,209.7,213.4,209.4,210.3,209.9,210.4,210.9,212.6
SMU09000006500000001,282.1,286.6,285.2,289.3,287.5,285.9,283.8,281.3,288.5,293,294.7,295.4
SMU09000007000000001,125.4,125.2,126.5,131.4,138.5,144.4,146.4,146,139.5,136.1,135,134.5
SMU09000008000000001,63.4,63.2,63.6,63.9,64.1,65.3,65.5,64.9,64,63.8,63.8,64
SMU09000009000000001,249.9,254.8,254.2,254.7,254.4,250.9,233.3,236.6,250.6,258.4,261.1,260.4
SMU10000000000000001,428.7,427.6,432.8,436.7,442.3,445.8,441.7,441.1,440.2,440.5,444.3,445.7
SMU10000003000000001,33.1,33,33.3,33.2,33.5,33.7,32.8,33.4,32.5,32.6,33.5,33.5
SMU10000004000000001,81.9,80.6,81.1,81.3,82.9,83.9,83.8,83.7,83.2,82.8,85.2,86.1
SMU10000005000000001,6.8,6.8,6.8,6.8,6.8,6.9,7,7,7,7.1,7.1,7.1
SMU10000005500000001,44.8,44.9,44.9,45.1,45.3,45.8,45.8,45.6,45.2,45.3,45.2,45.2
SMU10000006000000001,58.3,58.5,59.4,60.2,60.5,61,60.3,60.3,60.2,60.6,61.5,62.7
SMU10000006500000001,58.9,59,59.3,59.6,59.9,59.8,59.5,59.6,60.5,60.8,61,61.4
SMU10000007000000001,38,38.2,39.2,40.8,42.9,46.4,45.8,46,43.3,41.5,40.5,40.1
SMU10000008000000001,19.1,18.9,19.1,19.1,19,19.4,19.1,18.9,18.8,18.9,18.9,19
SMU10000009000000001,60.6,61.7,62.9,63.2,63.5,60.7,59.5,58.6,61.5,63.6,63.9,63.7
SMU12000000000000001,7992,8058.7,8122.9,8074.9,8069.5,7960.9,7851.9,7951.3,7937.8,7927,7999.8,8032.7
SMU12000001000000001,6.7,6.8,6.7,6.8,6.8,6.9,6.6,6.7,6.6,6.6,6.7,6.7
SMU12000002000000001,650,651,655.1,637.3,636.9,639,619,616.2,608.6,593.2,587.2,581.2
SMU12000003000000001,406.6,407,406.8,404,403.5,402.9,397.1,396.3,394.3,391,389.7,389.2
SMU12000004000000001,1639.8,1636.6,1645.5,1639.6,1644.3,1639.1,1623.2,1624.9,1624.8,1628.1,1668.1,1688.8
SMU12000005000000001,161.6,162.6,163.2,163.8,164.5,164.8,163.1,162.8,161.4,161.2,161.2,161.7
SMU12000005500000001,550.7,554.3,556.3,554,554.5,555.7,552.2,550.5,547.3,545.1,546,547.7
SMU12000006000000001,1155.5,1170.9,1182,1170.3,1166.3,1164.1,1143.5,1147.1,1140.4,1139.7,1145.1,1148.9
SMU12000006500000001,996.9,1007.9,1013.2,1015.2,1017.6,1015.5,1002.3,1014,1021.9,1025.2,1031.7,1036.5
SMU12000007000000001,966.8,989.2,1011.8,1006.9,1001.6,993.2,972.1,971.5,963.4,959.9,978.8,986.3
SMU12000008000000001,333.6,337.3,341.7,337.8,337.9,338.7,331.7,331.2,330.9,331.4,334,336.3
SMU12000009000000001,1123.8,1135.1,1140.6,1139.2,1135.6,1041,1041.1,1130.1,1138.2,1145.6,1151.3,1149.4
SMU13000000000000001,4115.8,4136.1,4151.9,4161,4179.7,4168.7,4137.6,4181.3,4174.8,4184.1,4204.8,4201.3
SMU13000001000000001,12.1,12.1,12.1,12,12,11.9,11.9,11.9,11.8,11.7,11.6,11.4
SMU13000002000000001,218.6,220.2,221.3,221.7,223.2,224.1,223,224.1,221.7,220.7,219.5,216.6
SMU13000003000000001,436.7,436,434.2,433.4,433.6,433,431.1,431,428.6,425.1,426,425.8
SMU13000004000000001,886.6,880.6,882.9,884.3,890,890.5,890.9,891.4,890.6,895.7,912.4,916
SMU13000005000000001,106.9,106.7,106.7,105.2,105.8,105.9,105.5,105.6,105.5,104.6,105.1,105.1
SMU13000005500000001,242.3,243.9,243.8,243.4,243.5,243.4,243.9,243.8,242,242.3,242.2,241.8
SMU13000006000000001,549.6,554.8,560.3,558.6,561.5,563.3,562.1,569.4,567.4,568.9,569.4,574.4
SMU13000006500000001,439.8,443.7,442.6,446.7,447.6,443.4,444.2,450.7,452.2,455.8,457.2,454.8
SMU13000007000000001,378,383.5,391.4,399.5,405.4,406.7,403,405.2,398.4,395,393.9,390.4
SMU13000008000000001,158.1,158.6,159,160.6,161.6,162.5,162.5,162.3,160.5,160.8,160.5,159
SMU13000009000000001,687.1,696,697.6,695.6,695.5,684,659.5,685.9,696.1,703.5,707,706
SMU15000000000000001,615,622.9,626.5,618.5,627.1,630.5,618,619.7,624.6,626.4,632.3,637
SMU15000003000000001,15.3,15.3,15.3,15.2,15.3,15.4,15.2,15.3,15.3,15.1,15.2,15.3
SMU15000004000000001,121.6,120.3,121.4,120.3,120.8,121.6,121.3,121.4,121.2,121.5,124.5,126.4
SMU15000005000000001,10.4,11,10.9,10.5,11.1,11.1,10.3,10.8,10.4,10.2,10.3,10.4
SMU15000005500000001,29.9,30,30.2,29.9,30,30.2,30.2,30.1,29.9,30,29.9,30.1
SMU15000006000000001,75.1,75.7,76,75,75.3,77.1,76.4,76.6,76.8,77.1,77.2,78.1
SMU15000006500000001,71.1,72.7,72.9,72.9,73.4,73.8,72.6,72.4,73.2,73.3,73.6,73.8
SMU15000007000000001,108.4,109.6,110.4,110.2,110.7,111.7,110.5,111.1,110,108.5,108.9,109.4
SMU15000008000000001,25.8,26.2,26.4,26.3,26.5,26.6,26.6,26.8,26.9,27,27.1,27
SMU15000009000000001,119.9,124.2,124.9,119.9,125.3,123.5,115.4,115.4,120.9,123.7,125.5,126.6
SMU16000000000000001,628.2,635.5,642.3,649.8,659.6,668.7,661.6,665.3,666.9,661.6,661.3,658.3
SMU16000001000000001,4,4,3.8,3.6,4.3,4.8,4.9,5,4.9,4.7,4.6,4.4
SMU16000002000000001,47.4,47.8,49.4,51.4,53.6,55.6,55.8,56.1,54.4,52.5,51,48.9
SMU16000003000000001,65.9,66.2,66.2,66.4,66.8,67.3,67.4,66.5,66.1,65.7,65.6,65.2
SMU16000004000000001,129.5,129.3,130.8,131.4,132.4,133.6,133.7,134.2,133.8,134.2,136.6,136.9
SMU16000005000000001,10.6,10.6,10.7,10.8,10.9,11,10.9,11,10.8,10.9,11,11
SMU16000005500000001,31.8,31.9,32,32.3,32.7,32.7,33,32.8,32.4,32.3,32.5,32.4
SMU16000006000000001,76.8,78.1,79.5,82.2,83.5,85.3,84.5,85.7,85.1,83.9,83.2,82.4
SMU16000006500000001,71.7,72.5,72.8,72.9,73.3,73.8,73.3,73.8,74.4,75.8,76.7,76.7
SMU16000007000000001,58.7,59.4,60.7,61.3,63.4,66.9,67.6,68.3,66.3,62.7,61.8,62.3
SMU16000008000000001,18.7,18.9,19.2,19.3,19.5,19.8,19.9,20.1,19.6,19.4,19.3,19.4
SMU16000009000000001,113.1,116.8,117.2,118.2,119.2,117.9,110.6,111.8,119.1,119.5,119,118.7
SMU17000000000000001,5841.6,5844.1,5902,5957.9,6016.3,6045.9,6005.6,6007.8,6017.4,6022.6,6043.2,6034.2
SMU17000001000000001,9.7,9.7,10,10.2,10.5,10.7,10.5,10.3,10,10.1,10.1,9.7
SMU17000002000000001,244.5,233.6,249.8,266.5,279.8,288.9,289.4,290.1,287.2,284.3,278.9,263.8
SMU17000003000000001,677,675.3,676.8,676.3,677,681,675.7,675.4,673.6,669.4,672.1,674
SMU17000004000000001,1201.3,1185.7,1196.3,1195.8,1209.8,1217.5,1210.4,1210.1,1211.1,1214.5,1240.7,1254.6
SMU17000005000000001,115.3,115.7,115.7,115.7,116.2,116.9,116.9,116.8,115.6,115.5,115.7,116
SMU17000005500000001,411.2,410.7,410.8,411.2,412.3,415.3,414.4,412.8,408.2,407.2,406.7,407.3
SMU17000006000000001,827.3,829.6,839.2,858.5,864.5,874.8,877,881.8,876.8,878.6,874.4,871
SMU17000006500000001,764.3,772.4,776.2,777.1,778,774.1,768.6,770.2,779.2,787,791.8,792.9
SMU17000007000000001,500.7,499.2,509.4,526.6,544.6,555.9,553.7,556,544.6,534.9,527.6,524.7
SMU17000008000000001,255.3,255.4,258.4,258,260.1,265.9,269.5,269.7,260,260.1,260.4,261.6
SMU17000009000000001,835,856.8,859.4,862,863.5,844.9,819.5,814.6,851.1,861,864.8,858.6
SMU18000000000000001,2927.2,2930.3,2971.1,2995,3016.3,3006.5,2955.5,2990.5,3024.2,3027.8,3032.5,3021.6
SMU18000001000000001,6.8,6.7,6.9,7,7.1,7.1,7.1,7.1,7.1,7,6.9,6.8
SMU18000002000000001,138.9,132.4,142.1,149,155.6,159.2,159.4,159.5,157.6,156.9,155.7,149.1
SMU18000003000000001,549.5,549.1,551.4,550.5,552.2,556,552,552.9,550.6,546.6,545.2,545.1
SMU18000004000000001,578.8,572.5,579.9,582,588.3,592.1,588.3,587.1,585.4,587.4,599.6,602.7
SMU18000005000000001,39.5,39.6,39.5,39.6,40.1,40.6,40.6,40.5,39.9,39.6,39.9,40
SMU18000005500000001,137.5,137.8,138.1,138.4,139.1,140.3,140.1,139.6,138.5,138.2,137.7,138
SMU18000006000000001,275.8,276.8,283.5,289.6,292.3,294,290.1,295.7,295.5,295.1,293.7,292
SMU18000006500000001,389.2,391.4,393.6,396.5,392.2,389.8,387.3,385.5,400.2,407.5,408.7,406.5
SMU18000007000000001,268.1,268.1,275.1,283.4,292.8,297.4,291.8,296,288.7,285.3,280.9,277.6
SMU18000008000000001,115.1,115.3,117,117.8,118.9,120,118.9,118.2,117.5,117.5,117,117.2
SMU18000009000000001,428,440.6,444,441.2,437.7,410,379.9,408.4,443.2,446.7,447.2,446.6
SMU19000000000000001,1482.6,1485.7,1496.4,1517.8,1534.1,1542.2,1508.5,1508.8,1529.3,1538.6,1545.9,1538.9
SMU19000001000000001,1.8,1.7,2,2.1,2.2,2.3,2.3,2.3,2.3,2.3,2.3,2.1
SMU19000002000000001,64,60.7,63.4,69.5,74.6,78.4,79,79.4,77.9,77.7,76.6,71.4
SMU19000003000000001,227.8,226.9,227.5,227.9,228.4,230.8,231.8,231.6,230.6,230.2,231,231.2
SMU19000004000000001,305.5,302.5,304.1,306.9,310.6,312.2,310.1,308.8,307.7,309,314.7,315.9
SMU19000005000000001,33,33.5,33.7,34.1,34.3,34.4,33.6,33.3,33.2,33.1,33.4,33.4
SMU19000005500000001,101.1,101.2,101.6,101.9,102.4,103.8,103.8,103.4,102.8,103,103.2,103.5
SMU19000006000000001,116.1,117.1,117.7,121.4,120.9,123.2,123.1,124,122.9,123.6,123.9,123.2
SMU19000006500000001,201.2,204.1,205.5,205.7,204.1,199.2,193.7,194.7,203.1,208.2,210.1,209.8
SMU19000007000000001,127.9,127.9,130.2,136.7,142.1,145.3,144.2,144.9,140.9,136.8,134.8,133.4
SMU19000008000000001,56.6,56.4,57.1,57.6,58,59.1,58.3,57.9,57.6,57.8,57.8,57.9
SMU19000009000000001,247.6,253.7,253.6,254,256.5,253.5,228.6,228.5,250.3,256.9,258.1,257.1
SMU20000000000000001,1342.2,1352.8,1373.9,1378.7,1388.1,1398.6,1370.5,1369.2,1392.4,1397.9,1405.8,1403.2
SMU20000001000000001,8.9,8.9,9,9.2,9.1,9.1,9.3,9.3,9.2,9.3,9.3,9.4
SMU20000002000000001,60.6,57.8,62.5,63.6,64.8,67.8,68.5,68.6,67.8,67.3,67,64.4
SMU20000003000000001,181.2,182.2,183.4,182.6,183.4,185.1,186.2,186.3,186.3,185.7,186.8,187
SMU20000004000000001,258.4,257.2,261,260.7,262.3,263.4,262.9,263,262.4,263.6,268,269.2
SMU20000005000000001,39.7,39.6,39.7,39.6,39.6,39.6,39.5,39.1,38.5,38.1,38.1,38
SMU20000005500000001,73.2,73.3,73.9,73.7,74.1,74.7,75.1,74.9,74.5,74.1,74.1,74.5
SMU20000006000000001,142.3,143.8,145.7,148,148.6,149.8,151.5,152.7,153,152.9,154.4,153.7
SMU20000006500000001,167.6,168.8,170.1,170.7,171,171.3,170,170.4,173,174.3,174.5,174.8
SMU20000007000000001,108.3,109.8,113,115.4,117.7,119.3,118.8,117.6,115.6,114.4,113.7,112.6
SMU20000008000000001,50.8,51.3,52.2,52.5,52.3,52.4,52.1,52.3,52.3,53.2,53,52.8
SMU20000009000000001,251.2,260.1,263.4,262.7,265.2,266.1,236.6,235,259.8,265,266.9,266.8
SMU21000000000000001,1820.1,1820.3,1839.3,1855.1,1871.8,1875.5,1848.9,1858.6,1864.6,1865.1,1877.7,1877.1
SMU21000001000000001,22.2,22.2,22.4,22.1,22,22.2,22,22.1,22.1,22.1,22.1,22.2
SMU21000002000000001,77.4,75.5,80.9,84.3,86.5,88.3,88.7,89.1,88.9,89.3,88.4,85.8
SMU21000003000000001,259.1,258.4,255.2,257.1,257.6,259.3,252,253.4,256.2,251.2,255.4,253.8
SMU21000004000000001,381.1,378.2,383.2,382.9,386.4,388.3,384.9,384.9,385.2,387.6,394.4,396.6
SMU21000005000000001,29.6,29.5,29.6,29.9,30.3,30.5,30.3,30.2,30.1,29.9,30.2,30.3
SMU21000005500000001,90.2,90.2,90.3,90.8,91.1,91.8,91.9,91.8,91.2,91.4,91.5,92.1
SMU21000006000000001,179.1,179.1,181.7,182.5,184,184.7,182.5,184.4,184,187.2,189.3,191.8
SMU21000006500000001,241.2,242,243.1,242.9,243.7,243.2,241.9,242.8,244.1,245.6,245.7,245.8
SMU21000007000000001,160.9,161.7,166.9,173.5,178.8,180.2,178.3,179.1,175.2,172.8,171.1,168.5
SMU21000008000000001,74.6,74.6,75.5,75.7,76.3,76.8,75.7,75.8,75.7,75.7,75.5,75.6
SMU21000009000000001,304.7,308.9,310.5,313.4,315.1,310.2,300.7,305,311.9,312.3,314.1,314.6
SMU22000000000000001,1876.7,1895.6,1915.8,1904.8,1911.9,1918,1894.3,1911.6,1922.3,1936.9,1947.5,1953.9
SMU22000001000000001,50.5,50.7,50.9,52,52.5,52.9,52.8,53.8,53.2,53.3,53.7,53.6
SMU22000002000000001,129.1,130.5,132.7,132.2,133.8,134.3,132.3,133.8,133.5,134.7,133.6,132.8
SMU22000003000000001,153.5,155.2,156,156.8,157.2,158.5,158,157.5,157.7,158.6,158.6,158.3
SMU22000004000000001,378.9,377.9,382.4,378.8,380.3,381.3,380.6,382.3,382.7,385.8,391.9,396.2
SMU22000005000000001,26.5,27.5,29.6,28.7,28.5,29,27.9,27.4,26.2,27,26.7,27.1
SMU22000005500000001,97.3,97.6,96.7,95.9,95.7,95.9,95.8,95.4,94.8,95.1,95.1,95.1
SMU22000006000000001,196.9,198.8,200.8,199.6,200.1,201.4,198.6,200.8,200.8,204.6,205.1,206.1
SMU22000006500000001,241.2,243.1,244.6,246,245.6,245.6,243.8,248.2,249.2,251.7,253,253.9
SMU22000007000000001,186.4,188.7,193.2,192.5,195.5,198.2,195.3,196.2,193.7,192.3,193.4,194.7
SMU22000008000000001,67.7,68.4,69.4,68.5,69.1,69.5,69,69.9,70.3,70.5,70.5,70.8
SMU22000009000000001,348.7,357.2,359.5,353.8,353.6,351.4,340.2,346.3,360.2,363.3,365.9,365.3
SMU23000000000000001,596.1,596.2,599.1,604.4,618.2,632.4,629,629,628.6,627.8,626.6,625.2
SMU23000001000000001,2.9,2.9,2.9,2,1.8,2.5,2.8,2.8,2.8,2.8,2.9,2.8
SMU23000002000000001,28.1,26.9,27.4,29.1,31.4,33,33.2,33.3,32.8,32.7,31.9,30.3
SMU23000003000000001,58.3,57.9,58.2,58.6,59.1,60.2,60.1,60.4,59.5,59.7,60.4,60.4
SMU23000004000000001,123.9,120.7,121.1,121,123.8,127.2,129.1,129.2,126.5,127.4,131.1,132
SMU23000005000000001,11.2,11.4,11.4,11.4,11.3,11.3,11.3,11.2,11,11.1,11.1,11.1
SMU23000005500000001,32.3,32.3,32.3,32.4,32.6,33,33.2,33,32.4,32,31.9,32
SMU23000006000000001,51.8,51.7,52,53.7,54.7,56.1,56.2,56.4,55.5,55.9,56.1,56
SMU23000006500000001,114.2,116.5,116.6,116.4,116.2,115.1,114.7,115,115.9,117.1,117.5,117.7
SMU23000007000000001,50.3,50.3,50.8,53.6,59.6,68.7,75.6,75.8,67.4,61,55.2,54.5
SMU23000008000000001,19.4,19.3,19.4,19.7,20,20.2,20.6,20.5,20.1,19.8,19.7,19.7
SMU23000009000000001,103.7,106.3,107,106.5,107.7,105.1,92.2,91.4,104.7,108.3,108.8,108.7
SMU24000000000000001,2549.8,2553.2,2587.1,2599.6,2621.9,2634.9,2618.9,2616.9,2616.6,2620.5,2629.7,2638.1
SMU24000001000000001,1.5,1.5,1.5,1.5,1.5,1.5,1.5,1.5,1.5,1.5,1.5,1.5
SMU24000002000000001,182.4,178.7,184.5,187.4,190,193.7,194.1,194.4,192.5,190,187.9,185.5
SMU24000003000000001,132.2,131.8,132.1,132,132.3,133.1,132.8,132.7,131.8,131.6,131.3,131.5
SMU24000004000000001,474.8,467.3,471.8,470.2,475.4,479,476.2,474.4,473.1,474.6,484.5,493.2
SMU24000005000000001,49.3,49.7,50.5,50.5,51,51.8,51.4,52.1,51.5,50,50.8,51.4
SMU24000005500000001,157.9,158,158.3,157.9,158.5,159.5,159.4,158.8,157.3,156.4,155.9,156.4
SMU24000006000000001,385.5,386.9,392.6,396.9,398.2,402,401.3,402.9,400.8,400.6,400.5,401.1
SMU24000006500000001,365.9,369.9,372.8,373,372.2,370.9,368.4,367.3,372.2,376.8,378.4,380.1
SMU24000007000000001,216.7,214.7,221.4,229.5,238.6,249.9,252,252.5,242.5,233.5,228.7,227.3
SMU24000008000000001,116.2,116.2,117.4,117.6,118.3,119.9,119.9,118.9,118.4,118.3,118.6,118.8
SMU24000009000000001,467.4,478.5,484.2,483.1,485.9,473.6,461.9,461.4,475,487.2,491.6,491.3
SMU25000000000000001,3221.8,3229.7,3244.9,3286.9,3321.4,3352,3319.4,3312.7,3331.2,3344.2,3351,3348.4
SMU25000001000000001,1.4,1.3,1.4,1.5,1.7,1.8,1.7,1.7,1.7,1.6,1.6,1.5
SMU25000002000000001,126.7,121.5,123.8,131.8,140.2,145.4,147.5,147.6,145.7,143.9,141.8,135.9
SMU25000003000000001,296.9,296.6,295.8,294.9,295.4,297.8,294.1,295.3,294.2,292.4,292.4,292.7
SMU25000004000000001,567.3,557.2,558.8,560.7,568.5,577.5,571.1,569.3,568.9,574.1,585.7,592.2
SMU25000005000000001,86.4,86.7,87.6,88.2,87.9,88.9,89.8,89.9,89.9,88.8,88.8,89.4
SMU25000005500000001,229.9,229.9,229.9,230,230.7,233.5,234.1,233.8,230,228.7,228.1,228.9
SMU25000006000000001,461.9,463.8,467.2,480.2,484.7,492.4,490.4,492.5,487.5,488.3,489.8,489.5
SMU25000006500000001,629.3,640.6,642.4,648.2,642,629.2,631.6,630.1,643.2,657.3,661.4,662.2
SMU25000007000000001,276.2,276,279.8,291.1,305.6,325.4,331.7,332.2,315.6,307.4,297.1,292.4
SMU25000008000000001,115.9,116.4,117.4,118.3,120,124.2,125.9,125.4,120.8,119.9,120.3,120.5
SMU25000009000000001,429.9,439.7,440.8,442,444.7,435.9,401.5,394.9,433.7,441.8,444,443.2
SMU26000000000000001,4186,4212.6,4233.6,4262,4325.8,4330.4,4214.4,4256.5,4302.6,4294.3,4306,4293.2
SMU26000001000000001,7.2,7.2,7,7.3,7.8,8.2,8.2,8.1,8,7.9,7.7,7.4
SMU26000002000000001,151.1,145.6,150.1,158.4,172,179.3,180.8,180.8,178.2,174.7,169.1,160
SMU26000003000000001,603.7,617.4,615.8,614.4,614.5,617.1,586.6,612.3,608.4,595.1,604,602.2
SMU26000004000000001,779.2,770.1,772.1,777.1,789.4,794.4,789.6,791.1,787.3,787,800.6,806.5
SMU26000005000000001,63.4,63.4,63.1,63.4,64.1,64,63.2,62.9,62,61.8,62,62
SMU26000005500000001,209.1,209,208.8,209.9,211.5,213.2,213.1,211.5,208,207,206.1,206.5
SMU26000006000000001,575.1,577.8,578.2,587.5,594.6,598.5,585.6,596.3,595.8,599.7,602,598.4
SMU26000006500000001,584.9,591.3,594.2,596,598.4,594.8,588.6,589.3,599.4,605.2,608.6,609.2
SMU26000007000000001,379.3,379.2,386,398.1,422.4,433.9,429.5,431.8,423.4,408,397.1,395.5
SMU26000008000000001,172.8,173.7,175.3,175.6,177.7,180.2,177.9,178.3,177.3,176.6,176.1,177.1
SMU26000009000000001,660.2,677.9,683,674.3,673.4,646.8,591.3,594.1,654.8,671.3,672.7,668.4
SMU27000000000000001,2711.4,2711.7,2722,2745.9,2793.7,2823.2,2784.1,2786.1,2788.1,2798.7,2799.4,2788.8
SMU27000001000000001,5.6,5.6,5.6,5.6,5.9,6.1,6.3,6.4,6.2,6.2,6.2,6
SMU27000002000000001,108,104,106.5,110.3,124.9,132.6,132.7,133.4,129.2,126.7,121.6,111.3
SMU27000003000000001,338.4,337,337.3,339,341.1,346.8,346,347.1,343.6,341.9,340.2,339.2
SMU27000004000000001,523.7,518.8,519.3,523.2,530.7,534.4,529.4,529.8,528.2,531.7,539.6,543
SMU27000005000000001,57.9,57.9,58.2,58.2,58.3,58.6,58.2,58.2,57.6,57.3,57.4,57.8
SMU27000005500000001,178.2,178.7,178.8,178.4,178.3,180.5,180.2,179.9,178.2,178.1,178.1,178.6
SMU27000006000000001,320.2,321.4,323.5,326.4,329.9,334.2,334.8,338.3,334.4,334.6,333.8,332.4
SMU27000006500000001,418,421.1,422.9,426.1,428.1,426.3,425.6,426,429.4,435.1,438.4,437.6
SMU27000007000000001,232.1,231.9,234,241.6,254.8,263.3,263.6,265.1,257,248.1,241.3,240.5
SMU27000008000000001,115.1,114.8,116.3,116.9,117.7,118.3,117.8,117.9,116.7,116.5,116.9,117.4
SMU27000009000000001,414.2,420.5,419.6,420.2,424,422.1,389.5,384,407.6,422.5,425.9,425
SMU28000000000000001,1139.7,1146.3,1150,1155.5,1157.5,1153.9,1138.1,1154.9,1163,1160.4,1166.1,1165.3
SMU28000001000000001,9.2,9.3,9.4,9.6,9.7,9.5,9.5,9.6,9.6,9.5,9.7,9.6
SMU28000002000000001,56.9,56.6,58.4,58,58.2,58.7,58.5,59,59.4,59.5,60.2,61.2
SMU28000003000000001,172.9,172.3,167.2,171.7,171,170.5,168.5,168.9,169,167.5,167,167
SMU28000004000000001,224.2,223.3,226.1,225.7,227.2,227.7,225.6,226.7,227,226.9,230.6,232.4
SMU28000005000000001,13.2,13.3,13.3,13.3,13.3,13.5,13.6,13.5,13.4,13.3,13.5,13.5
SMU28000005500000001,46,46.2,46.3,46.4,46.6,46.8,46.6,46.8,46.5,46.7,46.7,46.9
SMU28000006000000001,91,92.3,93.4,92.4,92.2,92.3,91.9,93.2,93.9,94,95,95.8
SMU28000006500000001,124.4,125.5,126.2,126.2,126.2,123.1,122,126.2,128.3,128.6,128.4,127.5
SMU28000007000000001,120.6,122.1,123.8,125.4,126.9,128.6,127.9,128.9,127.8,125.3,125.8,125.3
SMU28000008000000001,40.5,40.8,41.1,40.8,40.9,41.2,41,40.9,40.9,40.5,40.6,40.6
SMU28000009000000001,240.8,244.6,244.8,246,245.3,242,233,241.2,247.2,248.6,248.6,245.5
SMU29000000000000001,2731.9,2744.6,2788.3,2806.5,2827.5,2828.7,2771.2,2789.1,2818.5,2818.7,2825.9,2822.3
SMU29000001000000001,5.1,5,5.2,5.2,5.2,5.4,5.7,6.2,6.1,6,6,5.7
SMU29000002000000001,138.2,133.1,143.4,146.4,150.7,155.2,154.7,154.9,152,150.2,147.7,143
SMU29000003000000001,303.4,305.7,306.4,305.3,305.8,305.3,299.1,303,303.4,300.8,301.5,301.9
SMU29000004000000001,542.1,538.4,546,546.5,550.2,549.9,545.7,546,547.3,548.8,559.4,562.1
SMU29000005000000001,62.2,62.4,62.9,62.6,63.1,63.7,63.4,63.6,63.7,64,64.4,64.6
SMU29000005500000001,164.5,164.9,165.6,165.3,166.2,167.6,167.8,167.6,166.2,166.2,165.6,166
SMU29000006000000001,324.3,325.5,331.5,334.1,333.9,337.5,336.6,338.7,336.9,336.4,336.7,337.8
SMU29000006500000001,379.2,384.1,386.2,387.5,387.5,385.8,385.6,386.7,390.9,392.7,394.1,395.1
SMU29000007000000001,257.7,260.1,271.7,282.6,291.3,298.3,293.9,297.2,288.9,281.8,276,272.9
SMU29000008000000001,118.6,119,120.3,120.5,121.2,121.9,121.4,121,120.2,119.9,119.8,119.8
SMU29000009000000001,436.6,446.4,449.1,450.5,452.4,438.1,397.3,404.2,442.9,451.9,454.7,453.4
SMU30000000000000001,426.2,429.3,435.7,439.1,446.9,453.3,452.1,452.9,449.4,449.6,447.1,447.1
SMU30000001000000001,8.1,8.1,8.3,8.1,8.2,8.6,8.7,8.7,8.4,8.4,8.3,8.3
SMU30000002000000001,27.8,27.6,29.1,31.5,33.7,35.1,35,35.6,34.4,34,32.8,30.9
SMU30000003000000001,20.2,20.1,20.4,20.2,20.3,20.7,20.6,20.6,20.4,20.6,20.7,20.6
SMU30000004000000001,88.8,88.6,89.4,89.8,91.4,92,92.9,92.5,92.2,92.5,93.9,94.6
SMU30000005000000001,7.4,7.5,7.5,7.5,7.6,7.6,7.6,7.7,7.6,7.5,7.6,7.6
SMU30000005500000001,21.4,21.4,21.6,21.5,21.7,21.9,22,22.1,21.8,21.9,21.8,22.2
SMU30000006000000001,38.1,38.5,39.3,40.3,41,42.1,42,42.5,41.2,41.5,40.8,40.3
SMU30000006500000001,58.2,58.7,59,58.9,59,58.5,57.6,58,59.3,59.4,59.5,60
SMU30000007000000001,53.7,54,54.9,55.9,57.5,62.3,65,65.2,61.4,56.5,54.9,56.7
SMU30000008000000001,16.8,16.8,17.2,17.3,17.2,17.5,17.2,17.1,17.1,17.2,17.2,17.2
SMU30000009000000001,85.7,88,89,88.1,89.3,87,83.5,82.9,85.6,90.1,89.6,88.7
SMU31000000000000001,936.4,939.5,946.3,956.5,968.6,974.1,961.5,965.5,970,972.6,975.5,973.6
SMU31000001000000001,0.8,0.7,0.9,0.9,0.9,0.9,1.1,1,1,0.9,1.1,0.9
SMU31000002000000001,43.9,43.3,45.3,48.2,50,52.1,53.6,54,53.1,52.3,50.6,48.3
SMU31000003000000001,100,100.4,100.4,100.6,101.2,102,102,101.9,101.7,101.8,102.2,102.5
SMU31000004000000001,200.9,199.9,201.1,202.4,205,205.4,204.9,205.3,205.1,205.9,209.5,211.1
SMU31000005000000001,19.1,19.1,19.1,19.4,19.3,19.6,19.6,19.6,19.4,19.4,19.5,19.4
SMU31000005500000001,67.7,68.2,68.4,68.4,69.1,69.4,69.4,69.1,68.7,68.6,68.6,68.8
SMU31000006000000001,100.5,101.2,102,103.2,103.8,105.7,105.8,106.2,105.5,105.2,105.8,106.4
SMU31000006500000001,129.9,131.3,131.5,132.2,132.8,132.6,132.2,133.5,134.6,135.4,136.1,136.3
SMU31000007000000001,77.7,77.8,79.2,82.1,84.4,85.6,85.1,86.1,84.1,83.3,81.8,80.8
SMU31000008000000001,34.2,34.3,34.7,34.9,35.1,35.1,34.9,34.7,34.6,35,35,35
SMU31000009000000001,161.7,163.3,163.7,164.2,167,165.7,152.9,154.1,162.2,164.8,165.3,164.1
SMU32000000000000001,1268.2,1283.3,1290.9,1294.5,1303.8,1302.1,1287.2,1288.1,1292.3,1297.7,1301,1300.4
SMU32000001000000001,11.8,11.7,11.9,11.9,12,12.3,12.3,12.4,12.1,11.9,12,11.9
SMU32000002000000001,130.3,132,134.7,134.7,137.5,137.6,136.7,137.5,134.6,132.1,129.4,126.7
SMU32000003000000001,49.8,49.8,50.3,50.5,50.7,50.9,50.7,50.6,50.4,49.9,49.7,49.2
SMU32000004000000001,228.6,227.5,228.8,229.6,231.1,232.1,231.6,232.8,232.9,234.1,239.7,242.6
SMU32000005000000001,15.3,15.8,15.6,15.7,16,15.8,15.2,15.6,15.2,15.5,15.6,15.3
SMU32000005500000001,65,65.1,65.5,65,65.3,65.4,64.7,64.5,64.4,63.9,63.4,63.5
SMU32000006000000001,158.4,161.3,159.6,160.3,160.4,159.7,156.9,158.5,156.8,159.8,159.2,157.4
SMU32000006500000001,90.7,92.2,92.6,92.2,92.9,92.9,92.6,92.9,93.4,94.2,94.5,94.2
SMU32000007000000001,332.7,335.7,338.4,339.4,341.8,343.6,342.3,340.2,340,338.9,339,340.1
SMU32000008000000001,35.2,35.3,36,36.1,36.5,37.1,37,37.1,37,36.7,36.9,37.2
SMU32000009000000001,150.4,156.9,157.5,159.1,159.6,154.7,147.2,146,155.5,160.7,161.6,162.3
SMU33000000000000001,633.1,635.6,637.5,640.5,650.6,658.1,651.9,651.2,654.3,652.9,653.8,657.8
SMU33000001000000001,1,1,1,1.1,1.1,1.2,1.2,1.2,1.2,1.2,1.2,1.1
SMU33000002000000001,25.6,24.6,24.8,26.2,28.4,29.1,29.5,29.4,28.7,28.2,27.8,26.6
SMU33000003000000001,77.5,77.3,77.6,77.7,77.7,78.1,77.5,78,77.3,77.5,77.5,77.7
SMU33000004000000001,141.5,138,138.5,138.9,140.9,142.9,142.6,142,139.7,140.5,144.2,146.5
SMU33000005000000001,12.3,12.2,12.1,12.3,12.3,12.5,12.6,12.8,12.4,12.4,12.5,12.5
SMU33000005500000001,38.1,38.1,38.2,38.1,38.4,38.8,39.1,39.1,38.4,38.1,38.2,38.4
SMU33000006000000001,62.4,63.2,63.1,64.7,65.6,66.6,66.5,67.1,66.3,66.6,66.5,67.3
SMU33000006500000001,101.9,104.1,104.5,104.6,104.7,104.9,103.7,103.5,105.7,106,106.6,106.9
SMU33000007000000001,59.2,59.1,59.2,58.7,63.3,70.3,74.2,74.1,67.9,62.3,59.2,60.4
SMU33000008000000001,21.5,21.6,21.8,21.7,22.1,22.8,23,22.9,22.4,22.4,22.3,22.4
SMU33000009000000001,92.1,96.4,96.7,96.5,96.1,90.9,82,81.1,94.3,97.7,97.8,98
SMU34000000000000001,3995.9,3991.6,4024.5,4052.9,4104.1,4156.6,4098.5,4083,4074.2,4100.9,4115.4,4125.2
SMU34000001000000001,1.6,1.5,1.6,1.7,1.7,1.7,1.7,1.7,1.7,1.7,1.7,1.7
SMU34000002000000001,161.2,155.4,160.7,169.9,175.7,179.5,179.6,181,179.1,178.1,175.5,171.5
SMU34000003000000001,311.7,310.7,310.6,309.4,309.3,310.6,309.2,308,306.6,305.7,305.1,304
SMU34000004000000001,870.2,855.1,859.4,859.7,872.1,883.1,871.9,867.7,868.4,873,889.6,904
SMU34000005000000001,96.3,97.1,97.5,96.7,96.5,96.7,96.5,97.2,95.4,94,94.3,93.9
SMU34000005500000001,274.9,274.3,274.3,274.8,276.1,278.7,279.9,279,274.7,274,274,273.9
SMU34000006000000001,591.6,592.9,602,613.2,619.4,629.4,630.9,633.6,629.2,630.5,631.8,629.8
SMU34000006500000001,568.8,573.9,578.4,575.2,583.2,578.6,572.5,569.4,575.5,584.9,583.7,587.8
SMU34000007000000001,313.2,312.8,318.2,328,345.6,367.9,371.9,369.2,349.7,337.9,333.4,332.1
SMU34000008000000001,159.5,159.6,160.3,163.3,164.9,168.2,166.7,165.4,162.4,163.7,163.6,163.9
SMU34000009000000001,646.9,658.3,661.5,661,659.6,662.2,617.7,610.8,631.5,657.4,662.7,662.6
SMU35000000000000001,824.4,833.9,842.3,840.2,845.6,845.9,837.8,843.2,850.2,851.9,853.9,855.3
SMU35000001000000001,19.3,19,19.1,19.2,19.4,19.7,19.9,20,19.6,19.7,19.9,19.9
SMU35000002000000001,56,56.8,58.1,58.6,59.6,60.8,60.2,60.5,59.9,60.6,59.7,59
SMU35000003000000001,37.2,37.3,37.2,36.7,36.9,37.1,37.1,37.6,37.5,36.8,36.2,36
SMU35000004000000001,142.3,141.8,143.2,142.4,144.1,143.8,144.3,145.2,145,146.3,149.1,150.5
SMU35000005000000001,14.5,15.5,15.8,14.4,14.8,16.3,15.3,16.5,17.4,16.8,17.1,17.1
SMU35000005500000001,34.9,35,35.3,35.1,35.2,35.4,35.5,35.5,35.2,35.2,35.1,35.3
SMU35000006000000001,106.3,107.6,108.3,108.3,108.7,109.3,109.5,110.3,109.2,108.6,108.4,108.2
SMU35000006500000001,110.1,110.9,111.8,112.4,112.8,109.2,107.9,108.6,112,113.2,113.8,114.2
SMU35000007000000001,84.9,85.3,86.9,87.6,88.4,90.2,90.3,90.6,89.2,87.5,86.5,86.7
SMU35000008000000001,28.3,28.7,28.9,28.7,29,31.4,31.3,30.7,28.9,29,28.9,29
SMU35000009000000001,190.6,196,197.7,196.8,196.7,192.7,186.5,187.7,196.3,198.2,199.2,199.4
SMU36000000000000001,8517.9,8556.5,8612.8,8648.5,8745.8,8810.7,8717.3,8687.1,8724,8827.3,8872.9,8906.2
SMU36000001000000001,5.2,5.3,5.5,5.9,6.4,6.7,6.8,6.7,6.7,6.7,6.6,6.2
SMU36000002000000001,318.8,310.5,318.8,336.9,355.9,367.7,370.5,374.2,371.7,373.1,369.5,358.8
SMU36000003000000001,553.1,552,553.2,551.3,553.6,556.8,551.5,552.2,550.4,549.3,548,547.2
SMU36000004000000001,1512.1,1488.4,1495.3,1493.7,1516.7,1537.5,1516.6,1509.2,1520.9,1534.7,1568.8,1592.5
SMU36000005000000001,265.6,267.2,267.6,267.3,270,272.6,271.2,271.8,270.4,268.9,271.2,272.5
SMU36000005500000001,723,724.4,726.4,725.2,726,737.9,741.3,739,729.3,731.9,733.3,735.8
SMU36000006000000001,1097.5,1102.8,1114.5,1122.5,1129.7,1149.8,1149.8,1152.6,1140.1,1152.5,1156.7,1162.4
SMU36000006500000001,1556.2,1589.4,1600.3,1597.7,1590.3,1557.1,1529.4,1521.8,1579,1621.2,1627.8,1631.4
SMU36000007000000001,640.9,649.8,659.8,677.3,713.5,739.7,750.3,748.2,719.4,711,702,700.9
SMU36000008000000001,356,357.7,360.3,361.4,366,367.9,363.3,361.1,361.2,365.2,366.2,367.3
SMU36000009000000001,1489.5,1509,1511.1,1509.3,1517.7,1517,1466.6,1450.3,1474.9,1512.8,1522.8,1531.2
SMU37000000000000001,4050.2,4073.2,4113.4,4122.9,4160.5,4164,4077.2,4155.9,4182.3,4185.1,4203.3,4206.3
SMU37000001000000001,6.9,6.9,7,7.1,7.1,7.1,7,7.1,7,6.9,6.9,6.9
SMU37000002000000001,246.5,247,252,253.7,256,259.8,258.6,259.2,258.4,256.6,255,253
SMU37000003000000001,544.2,543.9,542.5,536,536.5,540.5,536.3,537.8,537.1,535.5,535.6,535.8
SMU37000004000000001,765.9,762.1,770.8,770.7,777.6,780.2,779.3,779.4,776.7,780.3,795.4,802.4
SMU37000005000000001,72.2,72.6,72.4,72.5,72.7,73.1,73,72.7,72.4,72.7,72.9,72.8
SMU37000005500000001,207.7,208.8,210.2,212.2,213.3,215.6,215.2,215.3,213.6,213.4,212.4,212.9
SMU37000006000000001,477.4,484.4,490.1,495.1,498.6,505.6,502.4,507.1,508.7,510.9,508.7,508.7
SMU37000006500000001,502.4,508.7,512.4,515,517.8,517.4,514.7,520.4,523.6,528.1,530.9,531.9
SMU37000007000000001,372.8,376.6,386.8,394.6,408.4,417.2,415.6,417.6,409.3,402.6,400,397.5
SMU37000008000000001,152.5,153.9,155.7,152.6,155,158.1,159,158.5,156.4,158.3,158.3,158.5
SMU37000009000000001,701.7,708.3,713.5,713.4,717.5,689.4,616.1,680.8,719.1,719.8,727.2,725.9
SMU38000000000000001,348.5,349.6,352.6,356.2,362.7,362.7,352.9,354.2,364.2,365.8,365.8,365.6
SMU38000001000000001,4.8,4.7,4.8,4.9,5.1,5.2,5.3,5.3,5.3,5.3,5.3,5.5
SMU38000002000000001,15.6,15.3,16.1,17.7,19.9,21.2,21.8,22,21.6,21.4,20.4,18.6
SMU38000003000000001,25.5,25.3,25.5,25.6,25.9,26.5,26.6,26.3,26.3,26.4,26.4,26.3
SMU38000004000000001,75.4,75,75.1,75.9,77,76.8,76.7,76.4,76.2,77.1,78.3,78.9
SMU38000005000000001,7.6,7.6,7.6,7.6,7.7,7.6,7.6,7.7,7.5,7.5,7.5,7.5
SMU38000005500000001,19.3,19.4,19.5,19.5,19.8,19.9,20,20,19.9,20,19.9,20.2
SMU38000006000000001,28.1,28.3,28.8,29,29.5,29.9,29.7,29.9,30,29.9,29.7,29.8
SMU38000006500000001,50,50.1,50.3,50.3,50.6,51.2,51,51.2,51.3,51.4,51.4,51.7
SMU38000007000000001,30.7,31.1,31.7,32.1,33.5,34.4,33.9,34.1,33.9,33.3,32.9,33
SMU38000008000000001,15,15,15.2,15.2,15.2,15.3,15.1,15,15.2,15.2,15.3,15.3
SMU38000009000000001,76.5,77.8,78,78.4,78.5,74.7,65.2,66.3,77,78.3,78.7,78.8
SMU39000000000000001,5323.1,5319.8,5367.8,5416.3,5473.8,5492.6,5423.3,5437.6,5451.3,5464.4,5481.8,5471.6
SMU39000001000000001,11.3,11,11.2,11.6,11.8,11.9,12,12.1,11.9,11.8,11.9,11.7
SMU39000002000000001,204.3,195.6,206.1,219.2,231.3,238.7,239.7,240.2,237.2,235.9,230.7,218.6
SMU39000003000000001,774.8,775.6,776.4,772.7,774.4,778.3,764.7,774.7,770.6,761.9,764.6,766.6
SMU39000004000000001,1038.6,1024.8,1033.8,1038.8,1050.5,1054.8,1052.5,1051.1,1047.2,1053.2,1076.6,1088
SMU39000005000000001,87.3,87.4,87,87.8,88.4,88.9,88.8,88.5,87.3,86.9,87.1,87.4
SMU39000005500000001,301.5,301.2,300,301.8,302.3,301.7,301.5,301,297.9,297.1,295.5,295.8
SMU39000006000000001,645.1,646.7,653.4,664.2,667.4,676.8,674.1,677.7,676,680.2,680.6,678.8
SMU39000006500000001,779.9,785.2,789.5,792.5,791.6,785,780.7,783.9,801.7,809.2,814,814.1
SMU39000007000000001,468.3,466.4,478.4,495.9,519.4,535.5,529.3,530.9,512.5,498.5,487.6,483.9
SMU39000008000000001,218.2,218.2,220.6,220.8,221.9,224.4,222.4,221.6,218.7,219.3,218.7,218.6
SMU39000009000000001,793.8,807.7,811.4,811,814.8,796.6,757.6,755.9,790.3,810.4,814.5,808.1
SMU40000000000000001,1554.5,1569.5,1590.6,1589,1599.8,1598.9,1579,1595,1608,1613.8,1622.5,1618
SMU40000001000000001,44.3,44.2,44.8,44.9,45.3,46.4,47.2,47.9,47.6,48.6,49.2,49.3
SMU40000002000000001,67.5,67.7,70.2,70,70.7,73,72.4,73.5,72.4,72.8,73.3,72.2
SMU40000003000000001,149,149.4,150.1,150.1,150.9,152.1,152.5,152.6,151.9,152,152.7,153.2
SMU40000004000000001,282.7,282.5,288.2,285.1,287.2,288.1,286.6,287.3,286.4,287.7,293.1,294.1
SMU40000005000000001,29.2,29,28.6,28.6,28.8,28.8,28.8,28.8,28.6,28.8,28.9,29
SMU40000005500000001,79.8,80.3,80.6,79.5,79.7,80.2,80.2,80.3,80,80.2,80.2,80.4
SMU40000006000000001,176.6,179.4,182.6,183.2,184.2,185.8,184.8,187.7,187.3,186.9,187.3,186.8
SMU40000006500000001,204,205.8,207.2,209.7,210.2,210.9,209.5,211.2,212.4,213.5,213.6,213.1
SMU40000007000000001,129.4,131.9,136.6,137.2,139.8,141.3,140.8,142.1,140.6,138.7,138.5,136.3
SMU40000008000000001,61.5,62.1,62.7,63.1,63.4,64.5,63.8,63.8,63.7,63,63,62.7
SMU40000009000000001,330.5,337.2,339,337.6,339.6,327.8,312.4,319.8,337.1,341.6,342.7,340.9
SMU41000000000000001,1687.9,1704.2,1717.4,1720.7,1736,1748.6,1722.9,1732.1,1740.5,1754.7,1755.6,1751.4
SMU41000001000000001,8.7,8.9,8.9,9.1,9.3,9.6,9.7,9.7,9.6,9.4,9.2,8.8
SMU41000002000000001,97.4,98.9,100.5,101.5,104.2,105.8,109.4,110.8,109.2,107.4,104.5,101.3
SMU41000003000000001,203.6,203.4,203.5,201.5,201.9,204.5,206.5,208.4,206.7,205.3,202.3,201.2
SMU41000004000000001,329.2,327.1,328.6,329.1,331,333.9,335,336.8,338.1,338.6,345.3,347.4
SMU41000005000000001,34.6,35,35.5,35.6,35.9,36.2,35.7,35.9,35.7,35.5,35.9,36.9
SMU41000005500000001,105.8,106.5,107.1,106.4,106.8,107.4,107.9,107.5,105.8,105.6,105.1,105.3
SMU41000006000000001,195.7,198.2,200.5,201.4,201.9,204.2,204.5,206.6,205.6,205.9,203.4,202.6
SMU41000006500000001,206.3,211.3,212.4,212.8,212.7,209.3,205.2,206.2,212.3,217.1,218,218
SMU41000007000000001,161.5,163.2,166.2,169,172.4,176.1,179.8,181.4,178.4,172.5,171.2,171.1
SMU41000008000000001,58.5,59.6,60,60,60.7,61.1,60.4,60.7,60.6,60.8,60.7,60.7
SMU41000009000000001,286.6,292.1,294.2,294.3,299.2,300.5,268.8,268.1,278.5,296.6,300,298.1
SMU42000000000000001,5680,5691.3,5742.6,5793.8,5838.5,5854.1,5785.8,5777.4,5819.3,5861.7,5875.9,5866
SMU42000001000000001,19.9,19.8,20.2,20.8,21.2,21.7,21.9,21.9,21.6,21.5,21.4,21
SMU42000002000000001,241.8,232.9,243.9,257.2,267.8,275.8,277.9,278.5,275.8,274.1,266.2,253.6
SMU42000003000000001,659.9,653.6,658.2,658.3,659.6,664.9,662.5,661.2,657.6,657.7,657.7,658.1
SMU42000004000000001,1128,1108,1116.4,1120.3,1131.6,1134.6,1123.9,1121.1,1124.8,1134.3,1159.2,1171.6
SMU42000005000000001,106.8,106.5,106.4,106.6,107.3,109,108.1,108,108.1,107,107.6,108.9
SMU42000005500000001,330.4,330.4,330.6,331,332.3,335.9,337.2,336.4,332.5,331.8,332.3,332.3
SMU42000006000000001,679.9,681.6,688.1,701.8,706.3,716.3,715.2,717.4,713.7,715.8,716.8,715.8
SMU42000006500000001,1045.8,1069.6,1074.9,1076.2,1068.5,1050.5,1048,1045.6,1070,1093.4,1094.8,1089.9
SMU42000007000000001,463,464.8,474.9,490.6,515.5,533.5,532.3,533.6,510.5,501.2,489.6,489.4
SMU42000008000000001,252.5,252.8,254.4,255.6,257.1,259.8,260.4,258.3,254.9,254.6,254.7,254.3
SMU42000009000000001,752,771.3,774.6,775.4,771.3,752.1,698.4,695.4,749.8,770.3,775.6,771.1
SMU44000000000000001,481,482.8,485.2,492.4,498.9,500.7,491.9,492,495.3,495.1,494.1,492.5
SMU44000001000000001,0.2,0.2,0.2,0.3,0.3,0.3,0.3,0.3,0.3,0.3,0.3,0.2
SMU44000002000000001,21,19.9,20.4,21.6,22.8,23.4,23.6,23.4,23,22.8,22.5,21.4
SMU44000003000000001,51.4,51.5,51.3,51.1,51.1,51.1,48.8,50.6,50.8,50.7,50.3,50.1
SMU44000004000000001,79.1,78,78.2,78.9,79.8,80.7,79.8,79.6,79.7,79.8,81.2,82.2
SMU44000005000000001,10.5,10.4,10.5,10.5,10.6,10.6,10.6,10.7,10.6,10.5,10.8,10.8
SMU44000005500000001,35.2,35.3,35.2,35.3,35.4,35.3,35,34.7,34.6,34.1,34.1,34
SMU44000006000000001,54.3,54,54.3,56.4,56.9,58,56.8,56.8,56.6,56.2,56,55.7
SMU44000006500000001,96,99.4,100.3,100.4,100.3,96.1,94.6,94.4,98.2,100.3,101,100.4
SMU44000007000000001,45.5,46,46.7,49.6,52.4,56.4,57.1,56.7,54.6,52.6,50,49.5
SMU44000008000000001,22.6,22.7,22.8,23,23.3,23.9,23.8,23.6,23,23.1,23.1,23.2
SMU44000009000000001,65.2,65.4,65.3,65.3,66,64.9,61.5,61.2,63.9,64.7,64.8,65
SMU45000000000000001,1903.1,1914.8,1938.4,1946.2,1959.2,1966.2,1939,1948.5,1955.7,1953.7,1958.6,1956.6
SMU45000001000000001,4.7,4.7,4.7,4.6,4.6,4.7,4.6,4.6,4.6,4.6,4.6,4.6
SMU45000002000000001,124.2,124.4,126.7,125.8,126.6,127.7,126.7,126.7,125.6,122.9,121.8,120.8
SMU45000003000000001,249,249.7,250.4,249.8,250.3,251.3,248.8,248.1,248.1,247.4,247.5,248
SMU45000004000000001,370.1,369.4,374.9,374.8,377.8,380,379.5,379,378.2,379.5,385.9,388.9
SMU45000005000000001,27.1,27.2,27.4,27.6,27.9,28.5,28.7,28.5,28,28.1,28.2,28.4
SMU45000005500000001,98.7,98.7,99.6,100,100.8,101.8,101.5,101.5,100.8,100.8,100.8,101.2
SMU45000006000000001,220.9,223.6,225.2,227,228.5,230,226.7,229.2,229.2,227.9,227.5,226.5
SMU45000006500000001,191.3,193.6,194.6,195.2,195.7,195.2,195.1,196.1,198.3,198.9,199.6,199.5
SMU45000007000000001,199.8,203,211.3,219.4,224.1,229.3,227.9,227.4,220.9,217.9,214,210.6
SMU45000008000000001,73.4,73.8,74.4,74.3,74.6,74.6,73.4,73,72.4,71.7,71.5,71.6
SMU45000009000000001,343.9,346.7,349.2,347.7,348.3,343.1,326.1,334.4,349.6,354,357.2,356.5
SMU46000000000000001,392,392.8,396.4,401.5,411.6,416.8,413.2,415.8,411,410.4,409.1,407.8
SMU46000001000000001,0.8,0.8,0.8,0.9,1,1.1,1.1,1.1,1,1,1,0.9
SMU46000002000000001,19,18.2,19.2,20.6,22.9,24.4,24.9,24.9,24.2,23.6,22.9,21.6
SMU46000003000000001,41.8,41.6,41.9,42.1,42,42.4,42.3,42.1,42,42.3,42.2,42.1
SMU46000004000000001,79.5,78.7,79.5,80.2,81.7,82.3,82.3,82.6,81.2,81.6,82.4,82.9
SMU46000005000000001,7,7.1,7,7.3,7.4,7.5,7.1,7.2,7,7,7,7
SMU46000005500000001,30.2,30.4,30.7,30.6,30.8,31.3,31.3,31.2,31.1,31.2,31.2,31.2
SMU46000006000000001,26,26.4,26.6,27.4,28,28.5,28.5,28.6,27.9,27.6,27.5,27.8
SMU46000006500000001,58.9,59.1,59.5,59.8,60.1,59.8,59.6,59.9,60.5,60.9,61.2,61.3
SMU46000007000000001,39,39.1,39.7,41.1,44.2,46.7,47.5,49.5,45,43.1,41.5,41
SMU46000008000000001,15.6,15.6,15.7,15.7,15.9,16,16,15.9,15.8,15.7,15.6,15.7
SMU46000009000000001,74.2,75.8,75.8,75.8,77.6,76.8,72.6,72.8,75.3,76.4,76.6,76.3
SMU47000000000000001,2744.9,2753.7,2784,2787.9,2799.3,2798,2782.4,2811.2,2821.7,2815.9,2833.6,2836.4
SMU47000001000000001,No Data Available ,,,,,,,,,,,
SMU47000002000000001,No Data Available ,,,,,,,,,,,
SMU47000003000000001,387.9,387.3,387.1,383.5,379.6,380.5,376.8,377.8,377,374.5,373.7,373.7
SMU47000004000000001,603.8,600.6,607.1,606.3,609.1,609.6,606.8,609.5,610.3,611.2,623.5,628.4
SMU47000005000000001,49.1,49.3,49.2,49.6,50.1,50.4,50.7,50.6,50.6,50.6,51.2,51.8
SMU47000005500000001,142,142.8,143.8,143.8,145,146.1,145.8,146,145.5,145.2,145.6,146.3
SMU47000006000000001,310.8,312.6,316,318,319.3,322.6,321.9,326.5,328.6,328.2,332.7,333.7
SMU47000006500000001,345.4,348.4,350.2,350.1,350.8,350.6,352.2,355,357.8,356.7,357.1,358
SMU47000007000000001,258.9,260.5,268.9,276.2,281.2,288.3,285.9,288.2,281.7,276,275.5,274.1
SMU47000008000000001,101.7,102.3,104.2,103.9,105.1,106.2,104.5,104.4,103.9,103.9,103.9,103.8
SMU47000009000000001,415.4,419.8,422.5,420,420.5,402.2,397.5,411.6,424.8,428.6,430.5,428.1
SMU48000000000000001,10109.4,10209.8,10305.1,10336.9,10395.4,10435.4,10351.9,10404,10457.4,10511.9,10582.4,10617
SMU48000001000000001,195.4,197.1,199.2,200.4,202.1,205.9,207.7,209.7,209.1,211.2,213,214.8
SMU48000002000000001,609.2,622.2,635.2,637.7,644.9,657.9,652.2,658.7,659.4,665.3,668.5,666.3
SMU48000003000000001,930.9,933.9,935.2,936.9,939.4,946.3,943.1,943.1,941.4,939.4,939.1,940.7
SMU48000004000000001,2065.8,2058.2,2078.6,2078.5,2088.8,2101.1,2104.4,2115.2,2112.3,2124.3,2165.3,2192.3
SMU48000005000000001,219.4,220.7,220.7,220,221.9,222.4,221.9,222.2,220.4,220,221.1,221
SMU48000005500000001,633.7,636.8,639.8,640.1,643.6,648.1,648.3,649.7,646.4,645.6,646.7,648.4
SMU48000006000000001,1254.7,1272.8,1286.8,1291.7,1296.5,1311.4,1311,1323.4,1323.4,1329.7,1333.7,1339.5
SMU48000006500000001,1223,1238.1,1246.4,1247.4,1252.8,1252.5,1252.2,1261.4,1268.7,1270.1,1275.1,1276.6
SMU48000007000000001,919.8,937.3,960.9,980.6,996.6,1013,1007.7,1008.7,991.8,982.7,980.8,982.6
SMU48000008000000001,344.8,348.5,351.9,353.6,356.3,361.7,359.4,359,356.7,356.9,357.5,357.5
SMU48000009000000001,1712.7,1744.2,1750.4,1750,1752.5,1715.1,1644,1652.9,1727.8,1766.7,1781.6,1777.3
SMU49000000000000001,1219.2,1226.7,1238.5,1247,1250.3,1261.9,1244.6,1256.2,1266.5,1270.5,1276.6,1281
SMU49000001000000001,10.6,10.6,10.8,10.9,11.1,11.2,11.3,11.4,11.1,11.4,11.4,11.4
SMU49000002000000001,96,96.5,99.3,102.1,105.2,108.6,108.3,109.7,108,107.2,103.2,99.7
SMU49000003000000001,125,125.7,126.6,126.8,127.6,128.8,128.9,129.2,129.1,129.3,130.1,130.5
SMU49000004000000001,240.4,239.9,241.8,241.8,243.4,244.3,245.2,246.8,247,248.1,253.5,256.4
SMU49000005000000001,32,32,32.2,30.9,31.1,31,30.9,31,30.4,30.4,30.5,30.5
SMU49000005500000001,73.7,74.4,74.6,75,75.2,75.6,75.6,75.7,75.2,75.7,75.9,76.6
SMU49000006000000001,153.5,154.5,156.4,160,163,164.7,164.1,165.8,165,167,168.2,167.8
SMU49000006500000001,137.7,139.1,139.8,140.5,136.7,136.6,135.7,137.7,142.6,144.1,145.2,146.1
SMU49000007000000001,109.9,111.2,113.3,113.8,111.6,115.2,115.7,116,113.6,110.6,111.1,115.4
SMU49000008000000001,34.4,34.8,35,35.2,35.9,36.3,36.6,36.9,35.9,35.7,35.6,35.6
SMU49000009000000001,206,208,208.7,210,209.5,209.6,192.3,196,208.6,211,211.9,211
SMU50000000000000001,306.2,307.2,306.8,303.3,308.2,311.6,303.7,303.5,310.8,312.1,311.3,315.5
SMU50000001000000001,0.8,0.8,0.8,0.8,0.9,0.9,0.9,0.9,0.9,0.8,0.8,0.8
SMU50000002000000001,15.1,14.2,14.4,15.3,17.7,18.5,18.8,18.7,18.1,17.8,17,16
SMU50000003000000001,35.8,35.8,35.7,35.8,36,36.3,36.2,36.1,35.7,35.8,35.8,35.9
SMU50000004000000001,59.2,58.4,58,57.8,58.9,59.7,59.3,59,58.9,59.9,61.2,61.8
SMU50000005000000001,6,5.9,5.9,5.9,5.9,5.9,6,6,5.9,5.8,5.8,5.8
SMU50000005500000001,13.2,13.1,13.2,13.1,13.2,13.4,13.4,13.3,13.1,13,13,13
SMU50000006000000001,21.2,21.3,21.6,22.1,22.6,23.1,23.1,23.2,22.9,22.8,22.5,22.7
SMU50000006500000001,55.7,56.7,56.8,57.1,57,57.1,57.1,56.8,58.1,58,58.6,58.4
SMU50000007000000001,34.6,34.8,34.2,29.7,29.9,32.9,34.5,35.3,32.7,31.7,30.1,34.3
SMU50000008000000001,9.8,9.8,9.8,9.7,9.9,10.1,10.1,10.1,9.9,10,9.9,10
SMU50000009000000001,54.8,56.4,56.4,56,56.2,53.7,44.3,44.1,54.6,56.5,56.6,56.8
SMU51000000000000001,3703.7,3709.7,3741.1,3757.2,3781.9,3813,3781.7,3774.1,3777.4,3784.3,3802.7,3807
SMU51000001000000001,11.3,11.2,11.4,10.7,10.8,10.8,11,11,10.6,10.7,10.6,10.8
SMU51000002000000001,236.1,233.3,237.6,240.9,243.3,246,244.9,245.2,242.6,238.7,236.1,233.6
SMU51000003000000001,279.4,280.6,280.8,279.6,278.8,280.2,278.1,277,276.1,274.7,274.3,273.9
SMU51000004000000001,663.5,654.2,658.5,657.6,664.4,668.4,668.2,667.2,665.7,669.1,686.2,694.4
SMU51000005000000001,91.9,91.3,90.7,90.5,91,90.9,90.3,89.8,89.7,89.6,89.7,89.5
SMU51000005500000001,193.7,193.9,194.7,194,195.1,196.6,196,195.1,193,191.3,190.2,190.3
SMU51000006000000001,628.4,631.9,638.2,642.1,643.6,650.6,650.9,653.7,649.9,655,655.3,656.4
SMU51000006500000001,415.8,418.7,421.5,424.1,426.6,427.7,425.2,426.8,433.4,437.2,439.7,441.8
SMU51000007000000001,322.3,323.9,333.7,341,353.3,367,367.2,366.3,353.1,343.2,337,335.4
SMU51000008000000001,182.1,182.7,184.5,184.8,186.1,187.4,187.5,186.6,185.5,186.2,186.2,186.9
SMU51000009000000001,679.2,688,689.5,691.9,688.9,687.4,662.4,655.4,677.8,688.6,697.4,694
SMU53000000000000001,2878.4,2908.8,2926.5,2944.7,2974,3000.3,2978.6,2979.6,2995.3,3005.5,3019.3,3009.8
SMU53000001000000001,8.4,7.9,7.6,7.9,8.2,8.5,8.5,8.4,8.3,8.3,8,7.9
SMU53000002000000001,190.3,194.4,199.6,203.5,210.2,215.3,216.5,220.4,218,214.6,210.3,205.2
SMU53000003000000001,285.8,288.1,287.3,288.4,289.6,294.7,297.5,298,299.6,298.9,297.1,295
SMU53000004000000001,540.5,539.1,541.9,544,549,554.2,555.8,557.5,556.2,558.3,570.5,573.5
SMU53000005000000001,100.4,101.3,101,101.5,102.4,103.5,103.7,104,103.3,102,103.1,103.3
SMU53000005500000001,156.4,156.9,157.5,158,158.3,159.3,159.2,159.1,157.2,156.5,156.7,156.5
SMU53000006000000001,329.4,335.6,339.9,340.8,343.4,347.2,348.5,351.2,350.8,349.3,349.2,349.7
SMU53000006500000001,371.5,377.4,379.7,380.4,382.9,379.5,373.3,374.7,382.1,388.8,391,390.4
SMU53000007000000001,262.9,266.7,270.5,275.9,282.5,289.8,291.5,294.8,292,282.1,278.3,280.1
SMU53000008000000001,102.1,103.8,104.7,104.6,105.5,106.8,106.6,107,106,105.5,105.7,105.7
SMU53000009000000001,530.7,537.6,536.8,539.7,542,541.5,517.5,504.5,521.8,541.2,549.4,542.5
SMU54000000000000001,746,747.7,758.2,762.1,768,769.7,759.3,763.8,770.6,772.3,775.6,775
SMU54000001000000001,28.1,27.9,27.9,28.2,28.2,28.9,28.9,29.2,28.9,28.9,29.1,29.1
SMU54000002000000001,36.2,34.2,37.2,38.7,39.9,40.8,40.2,40.3,40.2,40.9,40.3,38.3
SMU54000003000000001,59.1,58.9,59.2,59,59.2,59.7,59.5,59.2,59.1,58.6,58.4,58.1
SMU54000004000000001,141.3,140.1,141.6,141.4,142.6,143.3,142.7,143.4,143.6,144.4,147.2,147.8
SMU54000005000000001,11.3,11.3,11.2,11.3,11.4,11.5,11.6,11.5,11.5,11.4,11.4,11.5
SMU54000005500000001,35.6,35.7,35.8,36,36.2,36.5,36.3,36.4,36.3,36.3,36.3,36.5
SMU54000006000000001,59.1,58.8,59.7,60.7,60.7,61.1,60.9,61.4,61.2,61.1,61.4,62.4
SMU54000006500000001,110.7,112.7,113.5,113.1,113.6,112.9,112,112.9,115.5,116.2,116.8,116.4
SMU54000007000000001,67,66.9,69,70.9,72.6,74.6,74,75.3,74.3,72.1,71.3,71.9
SMU54000008000000001,55.2,55.4,55.7,55.6,55.5,56,55.4,55.2,55.4,55.4,55.5,55.3
SMU54000009000000001,142.4,145.8,147.4,147.2,148.1,144.4,137.8,139,144.6,147,147.9,147.7
SMU55000000000000001,2806.3,2801.8,2821.7,2854,2895.8,2934.1,2897.5,2898.8,2899,2900.1,2901.3,2897.6
SMU55000001000000001,3.2,3.2,3.3,3.5,3.9,3.9,4,4,3.9,3.8,3.7,3.3
SMU55000002000000001,112.5,107.9,113,120,130.2,135.7,137,136.9,133.8,132.8,130,121.2
SMU55000003000000001,498.7,496.3,495.9,497.3,499.5,509.6,509.1,509.1,503.2,499.6,498.6,498.7
SMU55000004000000001,541.3,533.5,536.3,538.3,547.7,552.3,547.5,547.2,546.5,550,561,563
SMU55000005000000001,49.8,49.5,49.4,49.7,49.9,50.4,50.6,50.8,50.3,50.6,50.8,50.9
SMU55000005500000001,156.4,156.1,155.8,156.5,156.9,158.7,158.8,158.3,156.6,157.8,157.7,158.6
SMU55000006000000001,268.6,270.4,272.3,279,281.3,287.2,286.8,289.8,287.1,287,286.6,287.5
SMU55000006500000001,387.6,389.8,390.7,391.2,392.7,393.5,392.3,393.5,394.7,394.5,395.2,396.2
SMU55000007000000001,242.9,242.8,246,254.2,268.6,281,284.1,286.1,271.4,261.9,253.6,251
SMU55000008000000001,135.1,135.5,136.5,137.3,138,139.7,139,138.3,137.5,138.3,137.8,138.4
SMU55000009000000001,410.2,416.8,422.5,427,427.1,422.1,388.3,384.8,414,423.8,426.3,428.8
SMU56000000000000001,275.4,277.2,280.6,280.7,289.4,298.5,294.8,295.3,296.1,293.9,291.7,292.5
SMU56000001000000001,27,26.9,26.8,26.8,27.2,27.7,27.6,27.7,27.5,27.6,27.8,27.9
SMU56000002000000001,22.4,22.4,23.6,24.9,26.5,28,28.6,29.2,28.3,28.6,28.7,27.4
SMU56000003000000001,10.3,10.1,10.2,10,10.1,10.1,10.1,10.1,10.1,10.3,10.4,10.3
SMU56000004000000001,53,53.2,53.8,53.4,54.7,56.3,56.8,56.9,56.1,55.7,56,56.7
SMU56000005000000001,4,4,4,4,4,4.1,4.1,4.1,4,4,4,4.1
SMU56000005500000001,11,11,11.1,11.2,11.3,11.6,11.6,11.6,11.5,11.5,11.4,11.5
SMU56000006000000001,16.8,17.1,17.5,17.9,18.8,19.6,19.5,19.5,19,18.8,18,17.8
SMU56000006500000001,23,23.2,23.3,23,23.3,22.9,22.8,23,23.7,23.8,24.1,23.9
SMU56000007000000001,30.5,31,31.3,30.5,32.6,37.4,39.1,38.6,36,32.6,30.4,31.9
SMU56000008000000001,11.3,11.4,11.6,11.6,12.1,12.1,12.1,12.1,11.9,11.9,11.8,12
SMU56000009000000001,66.1,66.9,67.4,67.4,68.8,68.7,62.5,62.5,68,69.1,69.1,69
